,datastreamid,datastreamname,siteid,variableid,fieldname,deviceid,methodid,comments,qualitycontrollevelid,rangemin,rangemax,annualtiming,downloaddate,bdate,edate
0,40815,NPS_ASIA2,15770,1170,NPS_Precipitation,1,33,,,,,,2016-12-01,,
1,40816,NPS_CREA2,15771,1170,NPS_Precipitation,1,33,,,,,,2016-12-01,,
2,40817,NPS_CHMA2,15772,1170,NPS_Precipitation,1,33,,,,,,2016-12-01,,
3,40818,NPS_CTUA2,15773,1170,NPS_Precipitation,1,33,,,,,,2016-12-01,,
4,40819,NPS_CCLA2,15774,1170,NPS_Precipitation,1,33,,,,,,2016-12-01,,
5,40820,NPS_DVLA2,15775,1170,NPS_Precipitation,1,33,,,,,,2016-12-01,,
6,40821,NPS_DKLA2,15776,1170,NPS_Precipitation,1,33,,,,,,2016-12-01,,
7,40822,NPS_EVCA2,15777,1170,NPS_Precipitation,1,33,,,,,,2016-12-01,,
8,40823,NPS_ELLA2,15778,1170,NPS_Precipitation,1,33,,,,,,2016-12-01,,
9,40824,NPS_GGLA2,15779,1170,NPS_Precipitation,1,33,,,,,,2016-12-01,,
10,40825,NPS_HOWA2,15780,1170,NPS_Precipitation,1,33,,,,,,2016-12-01,,
11,40826,NPS_IMYA2,15781,1170,NPS_Precipitation,1,33,,,,,,2016-12-01,,
12,40827,NPS_KAUA2,15782,1170,NPS_Precipitation,1,33,,,,,,2016-12-01,,
13,40828,NPS_KLIA2,15783,1170,NPS_Precipitation,1,33,,,,,,2016-12-01,,
14,40829,NPS_KUGA2,15784,1170,NPS_Precipitation,1,33,,,,,,2016-12-01,,
15,40830,NPS_MITA2,15785,1170,NPS_Precipitation,1,33,,,,,,2016-12-01,,
16,40831,NPS_MNOA2,15786,1170,NPS_Precipitation,1,33,,,,,,2016-12-01,,
17,40832,NPS_PAMA2,15787,1170,NPS_Precipitation,1,33,,,,,,2016-12-01,,
18,40833,NPS_RAMA2,15788,1170,NPS_Precipitation,1,33,,,,,,2016-12-01,,
19,40834,NPS_RUGA2,15789,1170,NPS_Precipitation,1,33,,,,,,2016-12-01,,
20,40835,NPS_SRWA2,15790,1170,NPS_Precipitation,1,33,,,,,,2016-12-01,,
21,40836,NPS_SRTA2,15791,1170,NPS_Precipitation,1,33,,,,,,2016-12-01,,
22,40837,NPS_SSIA2,15792,1170,NPS_Precipitation,1,33,,,,,,2016-12-01,,
23,40838,NPS_SMPA2,15793,1170,NPS_Precipitation,1,33,,,,,,2016-12-01,,
24,40839,NPS_TAHA2,15794,1170,NPS_Precipitation,1,33,,,,,,2016-12-01,,
25,40840,NPS_TANA2,15795,1170,NPS_Precipitation,1,33,,,,,,2016-12-01,,
26,40841,NPS_TEBA2,15796,1170,NPS_Precipitation,1,33,,,,,,2016-12-01,,
27,40842,NPS_TKLA2,15797,1170,NPS_Precipitation,1,33,,,,,,2016-12-01,,
28,40843,NPS_UPRA2,15798,1170,NPS_Precipitation,1,33,,,,,,2016-12-01,,
29,40844,NPS_WIGA2,15799,1170,NPS_Precipitation,1,33,,,,,,2016-12-01,,
30,40845,NPS_ASIA2,15770,1171,NPS_Wind_Speed,1,33,,,,,,2016-12-01,,
31,40846,NPS_CREA2,15771,1171,NPS_Wind_Speed,1,33,,,,,,2016-12-01,,
32,40847,NPS_CHMA2,15772,1171,NPS_Wind_Speed,1,33,,,,,,2016-12-01,,
33,40848,NPS_CTUA2,15773,1171,NPS_Wind_Speed,1,33,,,,,,2016-12-01,,
34,40849,NPS_CCLA2,15774,1171,NPS_Wind_Speed,1,33,,,,,,2016-12-01,,
35,40850,NPS_DVLA2,15775,1171,NPS_Wind_Speed,1,33,,,,,,2016-12-01,,
36,40851,NPS_DKLA2,15776,1171,NPS_Wind_Speed,1,33,,,,,,2016-12-01,,
37,40852,NPS_EVCA2,15777,1171,NPS_Wind_Speed,1,33,,,,,,2016-12-01,,
38,40853,NPS_ELLA2,15778,1171,NPS_Wind_Speed,1,33,,,,,,2016-12-01,,
39,40854,NPS_GGLA2,15779,1171,NPS_Wind_Speed,1,33,,,,,,2016-12-01,,
40,40855,NPS_HOWA2,15780,1171,NPS_Wind_Speed,1,33,,,,,,2016-12-01,,
41,40856,NPS_IMYA2,15781,1171,NPS_Wind_Speed,1,33,,,,,,2016-12-01,,
42,40857,NPS_KAUA2,15782,1171,NPS_Wind_Speed,1,33,,,,,,2016-12-01,,
43,40858,NPS_KLIA2,15783,1171,NPS_Wind_Speed,1,33,,,,,,2016-12-01,,
44,40859,NPS_KUGA2,15784,1171,NPS_Wind_Speed,1,33,,,,,,2016-12-01,,
45,40860,NPS_MITA2,15785,1171,NPS_Wind_Speed,1,33,,,,,,2016-12-01,,
46,40861,NPS_MNOA2,15786,1171,NPS_Wind_Speed,1,33,,,,,,2016-12-01,,
47,40862,NPS_PAMA2,15787,1171,NPS_Wind_Speed,1,33,,,,,,2016-12-01,,
48,40863,NPS_RAMA2,15788,1171,NPS_Wind_Speed,1,33,,,,,,2016-12-01,,
49,40864,NPS_RUGA2,15789,1171,NPS_Wind_Speed,1,33,,,,,,2016-12-01,,
50,40865,NPS_SRWA2,15790,1171,NPS_Wind_Speed,1,33,,,,,,2016-12-01,,
51,40866,NPS_SRTA2,15791,1171,NPS_Wind_Speed,1,33,,,,,,2016-12-01,,
52,40867,NPS_SSIA2,15792,1171,NPS_Wind_Speed,1,33,,,,,,2016-12-01,,
53,40868,NPS_SMPA2,15793,1171,NPS_Wind_Speed,1,33,,,,,,2016-12-01,,
54,40869,NPS_TAHA2,15794,1171,NPS_Wind_Speed,1,33,,,,,,2016-12-01,,
55,40870,NPS_TANA2,15795,1171,NPS_Wind_Speed,1,33,,,,,,2016-12-01,,
56,40871,NPS_TEBA2,15796,1171,NPS_Wind_Speed,1,33,,,,,,2016-12-01,,
57,40872,NPS_TKLA2,15797,1171,NPS_Wind_Speed,1,33,,,,,,2016-12-01,,
58,40873,NPS_UPRA2,15798,1171,NPS_Wind_Speed,1,33,,,,,,2016-12-01,,
59,40874,NPS_WIGA2,15799,1171,NPS_Wind_Speed,1,33,,,,,,2016-12-01,,
60,40875,NPS_ASIA2,15770,1172,NPS_Wind_Dir,1,33,,,,,,2016-12-01,,
61,40876,NPS_CREA2,15771,1172,NPS_Wind_Dir,1,33,,,,,,2016-12-01,,
62,40877,NPS_CHMA2,15772,1172,NPS_Wind_Dir,1,33,,,,,,2016-12-01,,
63,40878,NPS_CTUA2,15773,1172,NPS_Wind_Dir,1,33,,,,,,2016-12-01,,
64,40879,NPS_CCLA2,15774,1172,NPS_Wind_Dir,1,33,,,,,,2016-12-01,,
65,40880,NPS_DVLA2,15775,1172,NPS_Wind_Dir,1,33,,,,,,2016-12-01,,
66,40881,NPS_DKLA2,15776,1172,NPS_Wind_Dir,1,33,,,,,,2016-12-01,,
67,40882,NPS_EVCA2,15777,1172,NPS_Wind_Dir,1,33,,,,,,2016-12-01,,
68,40883,NPS_ELLA2,15778,1172,NPS_Wind_Dir,1,33,,,,,,2016-12-01,,
69,40884,NPS_GGLA2,15779,1172,NPS_Wind_Dir,1,33,,,,,,2016-12-01,,
70,40885,NPS_HOWA2,15780,1172,NPS_Wind_Dir,1,33,,,,,,2016-12-01,,
71,40886,NPS_IMYA2,15781,1172,NPS_Wind_Dir,1,33,,,,,,2016-12-01,,
72,40887,NPS_KAUA2,15782,1172,NPS_Wind_Dir,1,33,,,,,,2016-12-01,,
73,40888,NPS_KLIA2,15783,1172,NPS_Wind_Dir,1,33,,,,,,2016-12-01,,
74,40889,NPS_KUGA2,15784,1172,NPS_Wind_Dir,1,33,,,,,,2016-12-01,,
75,40890,NPS_MITA2,15785,1172,NPS_Wind_Dir,1,33,,,,,,2016-12-01,,
76,40891,NPS_MNOA2,15786,1172,NPS_Wind_Dir,1,33,,,,,,2016-12-01,,
77,40892,NPS_PAMA2,15787,1172,NPS_Wind_Dir,1,33,,,,,,2016-12-01,,
78,40893,NPS_RAMA2,15788,1172,NPS_Wind_Dir,1,33,,,,,,2016-12-01,,
79,40894,NPS_RUGA2,15789,1172,NPS_Wind_Dir,1,33,,,,,,2016-12-01,,
80,40895,NPS_SRWA2,15790,1172,NPS_Wind_Dir,1,33,,,,,,2016-12-01,,
81,40896,NPS_SRTA2,15791,1172,NPS_Wind_Dir,1,33,,,,,,2016-12-01,,
82,40897,NPS_SSIA2,15792,1172,NPS_Wind_Dir,1,33,,,,,,2016-12-01,,
83,40898,NPS_SMPA2,15793,1172,NPS_Wind_Dir,1,33,,,,,,2016-12-01,,
84,40899,NPS_TAHA2,15794,1172,NPS_Wind_Dir,1,33,,,,,,2016-12-01,,
85,40900,NPS_TANA2,15795,1172,NPS_Wind_Dir,1,33,,,,,,2016-12-01,,
86,40901,NPS_TEBA2,15796,1172,NPS_Wind_Dir,1,33,,,,,,2016-12-01,,
87,40902,NPS_TKLA2,15797,1172,NPS_Wind_Dir,1,33,,,,,,2016-12-01,,
88,40903,NPS_UPRA2,15798,1172,NPS_Wind_Dir,1,33,,,,,,2016-12-01,,
89,40904,NPS_WIGA2,15799,1172,NPS_Wind_Dir,1,33,,,,,,2016-12-01,,
90,40905,NPS_ASIA2,15770,1173,NPS_Avg_Air_temp,1,33,,,,,,2016-12-01,,
91,40906,NPS_CREA2,15771,1173,NPS_Avg_Air_temp,1,33,,,,,,2016-12-01,,
92,40907,NPS_CHMA2,15772,1173,NPS_Avg_Air_temp,1,33,,,,,,2016-12-01,,
93,40908,NPS_CTUA2,15773,1173,NPS_Avg_Air_temp,1,33,,,,,,2016-12-01,,
94,40909,NPS_CCLA2,15774,1173,NPS_Avg_Air_temp,1,33,,,,,,2016-12-01,,
95,40910,NPS_DVLA2,15775,1173,NPS_Avg_Air_temp,1,33,,,,,,2016-12-01,,
96,40911,NPS_DKLA2,15776,1173,NPS_Avg_Air_temp,1,33,,,,,,2016-12-01,,
97,40912,NPS_EVCA2,15777,1173,NPS_Avg_Air_temp,1,33,,,,,,2016-12-01,,
98,40913,NPS_ELLA2,15778,1173,NPS_Avg_Air_temp,1,33,,,,,,2016-12-01,,
99,40914,NPS_GGLA2,15779,1173,NPS_Avg_Air_temp,1,33,,,,,,2016-12-01,,
100,40915,NPS_HOWA2,15780,1173,NPS_Avg_Air_temp,1,33,,,,,,2016-12-01,,
101,40916,NPS_IMYA2,15781,1173,NPS_Avg_Air_temp,1,33,,,,,,2016-12-01,,
102,40917,NPS_KAUA2,15782,1173,NPS_Avg_Air_temp,1,33,,,,,,2016-12-01,,
103,40918,NPS_KLIA2,15783,1173,NPS_Avg_Air_temp,1,33,,,,,,2016-12-01,,
104,40919,NPS_KUGA2,15784,1173,NPS_Avg_Air_temp,1,33,,,,,,2016-12-01,,
105,40920,NPS_MITA2,15785,1173,NPS_Avg_Air_temp,1,33,,,,,,2016-12-01,,
106,40921,NPS_MNOA2,15786,1173,NPS_Avg_Air_temp,1,33,,,,,,2016-12-01,,
107,40922,NPS_PAMA2,15787,1173,NPS_Avg_Air_temp,1,33,,,,,,2016-12-01,,
108,40923,NPS_RAMA2,15788,1173,NPS_Avg_Air_temp,1,33,,,,,,2016-12-01,,
109,40924,NPS_RUGA2,15789,1173,NPS_Avg_Air_temp,1,33,,,,,,2016-12-01,,
110,40925,NPS_SRWA2,15790,1173,NPS_Avg_Air_temp,1,33,,,,,,2016-12-01,,
111,40926,NPS_SRTA2,15791,1173,NPS_Avg_Air_temp,1,33,,,,,,2016-12-01,,
112,40927,NPS_SSIA2,15792,1173,NPS_Avg_Air_temp,1,33,,,,,,2016-12-01,,
113,40928,NPS_SMPA2,15793,1173,NPS_Avg_Air_temp,1,33,,,,,,2016-12-01,,
114,40929,NPS_TAHA2,15794,1173,NPS_Avg_Air_temp,1,33,,,,,,2016-12-01,,
115,40930,NPS_TANA2,15795,1173,NPS_Avg_Air_temp,1,33,,,,,,2016-12-01,,
116,40931,NPS_TEBA2,15796,1173,NPS_Avg_Air_temp,1,33,,,,,,2016-12-01,,
117,40932,NPS_TKLA2,15797,1173,NPS_Avg_Air_temp,1,33,,,,,,2016-12-01,,
118,40933,NPS_UPRA2,15798,1173,NPS_Avg_Air_temp,1,33,,,,,,2016-12-01,,
119,40934,NPS_WIGA2,15799,1173,NPS_Avg_Air_temp,1,33,,,,,,2016-12-01,,
120,40935,NPS_ASIA2,15770,1174,NPS_RH,1,33,,,,,,2016-12-01,,
121,40936,NPS_CREA2,15771,1174,NPS_RH,1,33,,,,,,2016-12-01,,
122,40937,NPS_CHMA2,15772,1174,NPS_RH,1,33,,,,,,2016-12-01,,
123,40938,NPS_CTUA2,15773,1174,NPS_RH,1,33,,,,,,2016-12-01,,
124,40939,NPS_CCLA2,15774,1174,NPS_RH,1,33,,,,,,2016-12-01,,
125,40940,NPS_DVLA2,15775,1174,NPS_RH,1,33,,,,,,2016-12-01,,
126,40941,NPS_DKLA2,15776,1174,NPS_RH,1,33,,,,,,2016-12-01,,
127,40942,NPS_EVCA2,15777,1174,NPS_RH,1,33,,,,,,2016-12-01,,
128,40943,NPS_ELLA2,15778,1174,NPS_RH,1,33,,,,,,2016-12-01,,
129,40944,NPS_GGLA2,15779,1174,NPS_RH,1,33,,,,,,2016-12-01,,
130,40945,NPS_HOWA2,15780,1174,NPS_RH,1,33,,,,,,2016-12-01,,
131,40946,NPS_IMYA2,15781,1174,NPS_RH,1,33,,,,,,2016-12-01,,
132,40947,NPS_KAUA2,15782,1174,NPS_RH,1,33,,,,,,2016-12-01,,
133,40948,NPS_KLIA2,15783,1174,NPS_RH,1,33,,,,,,2016-12-01,,
134,40949,NPS_KUGA2,15784,1174,NPS_RH,1,33,,,,,,2016-12-01,,
135,40950,NPS_MITA2,15785,1174,NPS_RH,1,33,,,,,,2016-12-01,,
136,40951,NPS_MNOA2,15786,1174,NPS_RH,1,33,,,,,,2016-12-01,,
137,40952,NPS_PAMA2,15787,1174,NPS_RH,1,33,,,,,,2016-12-01,,
138,40953,NPS_RAMA2,15788,1174,NPS_RH,1,33,,,,,,2016-12-01,,
139,40954,NPS_RUGA2,15789,1174,NPS_RH,1,33,,,,,,2016-12-01,,
140,40955,NPS_SRWA2,15790,1174,NPS_RH,1,33,,,,,,2016-12-01,,
141,40956,NPS_SRTA2,15791,1174,NPS_RH,1,33,,,,,,2016-12-01,,
142,40957,NPS_SSIA2,15792,1174,NPS_RH,1,33,,,,,,2016-12-01,,
143,40958,NPS_SMPA2,15793,1174,NPS_RH,1,33,,,,,,2016-12-01,,
144,40959,NPS_TAHA2,15794,1174,NPS_RH,1,33,,,,,,2016-12-01,,
145,40960,NPS_TANA2,15795,1174,NPS_RH,1,33,,,,,,2016-12-01,,
146,40961,NPS_TEBA2,15796,1174,NPS_RH,1,33,,,,,,2016-12-01,,
147,40962,NPS_TKLA2,15797,1174,NPS_RH,1,33,,,,,,2016-12-01,,
148,40963,NPS_UPRA2,15798,1174,NPS_RH,1,33,,,,,,2016-12-01,,
149,40964,NPS_WIGA2,15799,1174,NPS_RH,1,33,,,,,,2016-12-01,,
150,40965,NPS_ASIA2,15770,1175,NPS_Battery_Voltage,1,33,,,,,,2016-12-01,,
151,40966,NPS_CREA2,15771,1175,NPS_Battery_Voltage,1,33,,,,,,2016-12-01,,
152,40967,NPS_CHMA2,15772,1175,NPS_Battery_Voltage,1,33,,,,,,2016-12-01,,
153,40968,NPS_CTUA2,15773,1175,NPS_Battery_Voltage,1,33,,,,,,2016-12-01,,
154,40969,NPS_CCLA2,15774,1175,NPS_Battery_Voltage,1,33,,,,,,2016-12-01,,
155,40970,NPS_DVLA2,15775,1175,NPS_Battery_Voltage,1,33,,,,,,2016-12-01,,
156,40971,NPS_DKLA2,15776,1175,NPS_Battery_Voltage,1,33,,,,,,2016-12-01,,
157,40972,NPS_EVCA2,15777,1175,NPS_Battery_Voltage,1,33,,,,,,2016-12-01,,
158,40973,NPS_ELLA2,15778,1175,NPS_Battery_Voltage,1,33,,,,,,2016-12-01,,
159,40974,NPS_GGLA2,15779,1175,NPS_Battery_Voltage,1,33,,,,,,2016-12-01,,
160,40975,NPS_HOWA2,15780,1175,NPS_Battery_Voltage,1,33,,,,,,2016-12-01,,
161,40976,NPS_IMYA2,15781,1175,NPS_Battery_Voltage,1,33,,,,,,2016-12-01,,
162,40977,NPS_KAUA2,15782,1175,NPS_Battery_Voltage,1,33,,,,,,2016-12-01,,
163,40978,NPS_KLIA2,15783,1175,NPS_Battery_Voltage,1,33,,,,,,2016-12-01,,
164,40979,NPS_KUGA2,15784,1175,NPS_Battery_Voltage,1,33,,,,,,2016-12-01,,
165,40980,NPS_MITA2,15785,1175,NPS_Battery_Voltage,1,33,,,,,,2016-12-01,,
166,40981,NPS_MNOA2,15786,1175,NPS_Battery_Voltage,1,33,,,,,,2016-12-01,,
167,40982,NPS_PAMA2,15787,1175,NPS_Battery_Voltage,1,33,,,,,,2016-12-01,,
168,40983,NPS_RAMA2,15788,1175,NPS_Battery_Voltage,1,33,,,,,,2016-12-01,,
169,40984,NPS_RUGA2,15789,1175,NPS_Battery_Voltage,1,33,,,,,,2016-12-01,,
170,40985,NPS_SRWA2,15790,1175,NPS_Battery_Voltage,1,33,,,,,,2016-12-01,,
171,40986,NPS_SRTA2,15791,1175,NPS_Battery_Voltage,1,33,,,,,,2016-12-01,,
172,40987,NPS_SSIA2,15792,1175,NPS_Battery_Voltage,1,33,,,,,,2016-12-01,,
173,40988,NPS_SMPA2,15793,1175,NPS_Battery_Voltage,1,33,,,,,,2016-12-01,,
174,40989,NPS_TAHA2,15794,1175,NPS_Battery_Voltage,1,33,,,,,,2016-12-01,,
175,40990,NPS_TANA2,15795,1175,NPS_Battery_Voltage,1,33,,,,,,2016-12-01,,
176,40991,NPS_TEBA2,15796,1175,NPS_Battery_Voltage,1,33,,,,,,2016-12-01,,
177,40992,NPS_TKLA2,15797,1175,NPS_Battery_Voltage,1,33,,,,,,2016-12-01,,
178,40993,NPS_UPRA2,15798,1175,NPS_Battery_Voltage,1,33,,,,,,2016-12-01,,
179,40994,NPS_WIGA2,15799,1175,NPS_Battery_Voltage,1,33,,,,,,2016-12-01,,
180,40995,NPS_ASIA2,15770,1176,NPS_Gust_Dir,1,33,,,,,,2016-12-01,,
181,40996,NPS_CREA2,15771,1176,NPS_Gust_Dir,1,33,,,,,,2016-12-01,,
182,40997,NPS_CHMA2,15772,1176,NPS_Gust_Dir,1,33,,,,,,2016-12-01,,
183,40998,NPS_CTUA2,15773,1176,NPS_Gust_Dir,1,33,,,,,,2016-12-01,,
184,40999,NPS_CCLA2,15774,1176,NPS_Gust_Dir,1,33,,,,,,2016-12-01,,
185,41000,NPS_DVLA2,15775,1176,NPS_Gust_Dir,1,33,,,,,,2016-12-01,,
186,41001,NPS_DKLA2,15776,1176,NPS_Gust_Dir,1,33,,,,,,2016-12-01,,
187,41002,NPS_EVCA2,15777,1176,NPS_Gust_Dir,1,33,,,,,,2016-12-01,,
188,41003,NPS_ELLA2,15778,1176,NPS_Gust_Dir,1,33,,,,,,2016-12-01,,
189,41004,NPS_GGLA2,15779,1176,NPS_Gust_Dir,1,33,,,,,,2016-12-01,,
190,41005,NPS_HOWA2,15780,1176,NPS_Gust_Dir,1,33,,,,,,2016-12-01,,
191,41006,NPS_IMYA2,15781,1176,NPS_Gust_Dir,1,33,,,,,,2016-12-01,,
192,41007,NPS_KAUA2,15782,1176,NPS_Gust_Dir,1,33,,,,,,2016-12-01,,
193,41008,NPS_KLIA2,15783,1176,NPS_Gust_Dir,1,33,,,,,,2016-12-01,,
194,41009,NPS_KUGA2,15784,1176,NPS_Gust_Dir,1,33,,,,,,2016-12-01,,
195,41010,NPS_MITA2,15785,1176,NPS_Gust_Dir,1,33,,,,,,2016-12-01,,
196,41011,NPS_MNOA2,15786,1176,NPS_Gust_Dir,1,33,,,,,,2016-12-01,,
197,41012,NPS_PAMA2,15787,1176,NPS_Gust_Dir,1,33,,,,,,2016-12-01,,
198,41013,NPS_RAMA2,15788,1176,NPS_Gust_Dir,1,33,,,,,,2016-12-01,,
199,41014,NPS_RUGA2,15789,1176,NPS_Gust_Dir,1,33,,,,,,2016-12-01,,
200,41015,NPS_SRWA2,15790,1176,NPS_Gust_Dir,1,33,,,,,,2016-12-01,,
201,41016,NPS_SRTA2,15791,1176,NPS_Gust_Dir,1,33,,,,,,2016-12-01,,
202,41017,NPS_SSIA2,15792,1176,NPS_Gust_Dir,1,33,,,,,,2016-12-01,,
203,41018,NPS_SMPA2,15793,1176,NPS_Gust_Dir,1,33,,,,,,2016-12-01,,
204,41019,NPS_TAHA2,15794,1176,NPS_Gust_Dir,1,33,,,,,,2016-12-01,,
205,41020,NPS_TANA2,15795,1176,NPS_Gust_Dir,1,33,,,,,,2016-12-01,,
206,41021,NPS_TEBA2,15796,1176,NPS_Gust_Dir,1,33,,,,,,2016-12-01,,
207,41022,NPS_TKLA2,15797,1176,NPS_Gust_Dir,1,33,,,,,,2016-12-01,,
208,41023,NPS_UPRA2,15798,1176,NPS_Gust_Dir,1,33,,,,,,2016-12-01,,
209,41024,NPS_WIGA2,15799,1176,NPS_Gust_Dir,1,33,,,,,,2016-12-01,,
210,41025,NPS_ASIA2,15770,1177,NPS_Peak_Wind_Speed,1,33,,,,,,2016-12-01,,
211,41026,NPS_CREA2,15771,1177,NPS_Peak_Wind_Speed,1,33,,,,,,2016-12-01,,
212,41027,NPS_CHMA2,15772,1177,NPS_Peak_Wind_Speed,1,33,,,,,,2016-12-01,,
213,41028,NPS_CTUA2,15773,1177,NPS_Peak_Wind_Speed,1,33,,,,,,2016-12-01,,
214,41029,NPS_CCLA2,15774,1177,NPS_Peak_Wind_Speed,1,33,,,,,,2016-12-01,,
215,41030,NPS_DVLA2,15775,1177,NPS_Peak_Wind_Speed,1,33,,,,,,2016-12-01,,
216,41031,NPS_DKLA2,15776,1177,NPS_Peak_Wind_Speed,1,33,,,,,,2016-12-01,,
217,41032,NPS_EVCA2,15777,1177,NPS_Peak_Wind_Speed,1,33,,,,,,2016-12-01,,
218,41033,NPS_ELLA2,15778,1177,NPS_Peak_Wind_Speed,1,33,,,,,,2016-12-01,,
219,41034,NPS_GGLA2,15779,1177,NPS_Peak_Wind_Speed,1,33,,,,,,2016-12-01,,
220,41035,NPS_HOWA2,15780,1177,NPS_Peak_Wind_Speed,1,33,,,,,,2016-12-01,,
221,41036,NPS_IMYA2,15781,1177,NPS_Peak_Wind_Speed,1,33,,,,,,2016-12-01,,
222,41037,NPS_KAUA2,15782,1177,NPS_Peak_Wind_Speed,1,33,,,,,,2016-12-01,,
223,41038,NPS_KLIA2,15783,1177,NPS_Peak_Wind_Speed,1,33,,,,,,2016-12-01,,
224,41039,NPS_KUGA2,15784,1177,NPS_Peak_Wind_Speed,1,33,,,,,,2016-12-01,,
225,41040,NPS_MITA2,15785,1177,NPS_Peak_Wind_Speed,1,33,,,,,,2016-12-01,,
226,41041,NPS_MNOA2,15786,1177,NPS_Peak_Wind_Speed,1,33,,,,,,2016-12-01,,
227,41042,NPS_PAMA2,15787,1177,NPS_Peak_Wind_Speed,1,33,,,,,,2016-12-01,,
228,41043,NPS_RAMA2,15788,1177,NPS_Peak_Wind_Speed,1,33,,,,,,2016-12-01,,
229,41044,NPS_RUGA2,15789,1177,NPS_Peak_Wind_Speed,1,33,,,,,,2016-12-01,,
230,41045,NPS_SRWA2,15790,1177,NPS_Peak_Wind_Speed,1,33,,,,,,2016-12-01,,
231,41046,NPS_SRTA2,15791,1177,NPS_Peak_Wind_Speed,1,33,,,,,,2016-12-01,,
232,41047,NPS_SSIA2,15792,1177,NPS_Peak_Wind_Speed,1,33,,,,,,2016-12-01,,
233,41048,NPS_SMPA2,15793,1177,NPS_Peak_Wind_Speed,1,33,,,,,,2016-12-01,,
234,41049,NPS_TAHA2,15794,1177,NPS_Peak_Wind_Speed,1,33,,,,,,2016-12-01,,
235,41050,NPS_TANA2,15795,1177,NPS_Peak_Wind_Speed,1,33,,,,,,2016-12-01,,
236,41051,NPS_TEBA2,15796,1177,NPS_Peak_Wind_Speed,1,33,,,,,,2016-12-01,,
237,41052,NPS_TKLA2,15797,1177,NPS_Peak_Wind_Speed,1,33,,,,,,2016-12-01,,
238,41053,NPS_UPRA2,15798,1177,NPS_Peak_Wind_Speed,1,33,,,,,,2016-12-01,,
239,41054,NPS_WIGA2,15799,1177,NPS_Peak_Wind_Speed,1,33,,,,,,2016-12-01,,
240,41055,NPS_ASIA2,15770,1179,NPS_Solar_Rad,1,33,,,,,,2016-12-01,,
241,41056,NPS_CREA2,15771,1179,NPS_Solar_Rad,1,33,,,,,,2016-12-01,,
242,41057,NPS_CHMA2,15772,1179,NPS_Solar_Rad,1,33,,,,,,2016-12-01,,
243,41058,NPS_CTUA2,15773,1179,NPS_Solar_Rad,1,33,,,,,,2016-12-01,,
244,41059,NPS_CCLA2,15774,1179,NPS_Solar_Rad,1,33,,,,,,2016-12-01,,
245,41060,NPS_DVLA2,15775,1179,NPS_Solar_Rad,1,33,,,,,,2016-12-01,,
246,41061,NPS_DKLA2,15776,1179,NPS_Solar_Rad,1,33,,,,,,2016-12-01,,
247,41062,NPS_EVCA2,15777,1179,NPS_Solar_Rad,1,33,,,,,,2016-12-01,,
248,41063,NPS_ELLA2,15778,1179,NPS_Solar_Rad,1,33,,,,,,2016-12-01,,
249,41064,NPS_GGLA2,15779,1179,NPS_Solar_Rad,1,33,,,,,,2016-12-01,,
250,41065,NPS_HOWA2,15780,1179,NPS_Solar_Rad,1,33,,,,,,2016-12-01,,
251,41066,NPS_IMYA2,15781,1179,NPS_Solar_Rad,1,33,,,,,,2016-12-01,,
252,41067,NPS_KAUA2,15782,1179,NPS_Solar_Rad,1,33,,,,,,2016-12-01,,
253,41068,NPS_KLIA2,15783,1179,NPS_Solar_Rad,1,33,,,,,,2016-12-01,,
254,41069,NPS_KUGA2,15784,1179,NPS_Solar_Rad,1,33,,,,,,2016-12-01,,
255,41070,NPS_MITA2,15785,1179,NPS_Solar_Rad,1,33,,,,,,2016-12-01,,
256,41071,NPS_MNOA2,15786,1179,NPS_Solar_Rad,1,33,,,,,,2016-12-01,,
257,41072,NPS_PAMA2,15787,1179,NPS_Solar_Rad,1,33,,,,,,2016-12-01,,
258,41073,NPS_RAMA2,15788,1179,NPS_Solar_Rad,1,33,,,,,,2016-12-01,,
259,41074,NPS_RUGA2,15789,1179,NPS_Solar_Rad,1,33,,,,,,2016-12-01,,
260,41075,NPS_SRWA2,15790,1179,NPS_Solar_Rad,1,33,,,,,,2016-12-01,,
261,41076,NPS_SRTA2,15791,1179,NPS_Solar_Rad,1,33,,,,,,2016-12-01,,
262,41077,NPS_SSIA2,15792,1179,NPS_Solar_Rad,1,33,,,,,,2016-12-01,,
263,41078,NPS_SMPA2,15793,1179,NPS_Solar_Rad,1,33,,,,,,2016-12-01,,
264,41079,NPS_TAHA2,15794,1179,NPS_Solar_Rad,1,33,,,,,,2016-12-01,,
265,41080,NPS_TANA2,15795,1179,NPS_Solar_Rad,1,33,,,,,,2016-12-01,,
266,41081,NPS_TEBA2,15796,1179,NPS_Solar_Rad,1,33,,,,,,2016-12-01,,
267,41082,NPS_TKLA2,15797,1179,NPS_Solar_Rad,1,33,,,,,,2016-12-01,,
268,41083,NPS_UPRA2,15798,1179,NPS_Solar_Rad,1,33,,,,,,2016-12-01,,
269,41084,NPS_WIGA2,15799,1179,NPS_Solar_Rad,1,33,,,,,,2016-12-01,,
270,41085,NPS_ASIA2,15770,1180,NPS_Min_Air_Temp,1,33,,,,,,2016-12-01,,
271,41086,NPS_CREA2,15771,1180,NPS_Min_Air_Temp,1,33,,,,,,2016-12-01,,
272,41087,NPS_CHMA2,15772,1180,NPS_Min_Air_Temp,1,33,,,,,,2016-12-01,,
273,41088,NPS_CTUA2,15773,1180,NPS_Min_Air_Temp,1,33,,,,,,2016-12-01,,
274,41089,NPS_CCLA2,15774,1180,NPS_Min_Air_Temp,1,33,,,,,,2016-12-01,,
275,41090,NPS_DVLA2,15775,1180,NPS_Min_Air_Temp,1,33,,,,,,2016-12-01,,
276,41091,NPS_DKLA2,15776,1180,NPS_Min_Air_Temp,1,33,,,,,,2016-12-01,,
277,41092,NPS_EVCA2,15777,1180,NPS_Min_Air_Temp,1,33,,,,,,2016-12-01,,
278,41093,NPS_ELLA2,15778,1180,NPS_Min_Air_Temp,1,33,,,,,,2016-12-01,,
279,41094,NPS_GGLA2,15779,1180,NPS_Min_Air_Temp,1,33,,,,,,2016-12-01,,
280,41095,NPS_HOWA2,15780,1180,NPS_Min_Air_Temp,1,33,,,,,,2016-12-01,,
281,41096,NPS_IMYA2,15781,1180,NPS_Min_Air_Temp,1,33,,,,,,2016-12-01,,
282,41097,NPS_KAUA2,15782,1180,NPS_Min_Air_Temp,1,33,,,,,,2016-12-01,,
283,41098,NPS_KLIA2,15783,1180,NPS_Min_Air_Temp,1,33,,,,,,2016-12-01,,
284,41099,NPS_KUGA2,15784,1180,NPS_Min_Air_Temp,1,33,,,,,,2016-12-01,,
285,41100,NPS_MITA2,15785,1180,NPS_Min_Air_Temp,1,33,,,,,,2016-12-01,,
286,41101,NPS_MNOA2,15786,1180,NPS_Min_Air_Temp,1,33,,,,,,2016-12-01,,
287,41102,NPS_PAMA2,15787,1180,NPS_Min_Air_Temp,1,33,,,,,,2016-12-01,,
288,41103,NPS_RAMA2,15788,1180,NPS_Min_Air_Temp,1,33,,,,,,2016-12-01,,
289,41104,NPS_RUGA2,15789,1180,NPS_Min_Air_Temp,1,33,,,,,,2016-12-01,,
290,41105,NPS_SRWA2,15790,1180,NPS_Min_Air_Temp,1,33,,,,,,2016-12-01,,
291,41106,NPS_SRTA2,15791,1180,NPS_Min_Air_Temp,1,33,,,,,,2016-12-01,,
292,41107,NPS_SSIA2,15792,1180,NPS_Min_Air_Temp,1,33,,,,,,2016-12-01,,
293,41108,NPS_SMPA2,15793,1180,NPS_Min_Air_Temp,1,33,,,,,,2016-12-01,,
294,41109,NPS_TAHA2,15794,1180,NPS_Min_Air_Temp,1,33,,,,,,2016-12-01,,
295,41110,NPS_TANA2,15795,1180,NPS_Min_Air_Temp,1,33,,,,,,2016-12-01,,
296,41111,NPS_TEBA2,15796,1180,NPS_Min_Air_Temp,1,33,,,,,,2016-12-01,,
297,41112,NPS_TKLA2,15797,1180,NPS_Min_Air_Temp,1,33,,,,,,2016-12-01,,
298,41113,NPS_UPRA2,15798,1180,NPS_Min_Air_Temp,1,33,,,,,,2016-12-01,,
299,41114,NPS_WIGA2,15799,1180,NPS_Min_Air_Temp,1,33,,,,,,2016-12-01,,
300,41115,NPS_ASIA2,15770,1181,NPS_Max_Air_Temp,1,33,,,,,,2016-12-01,,
301,41116,NPS_CREA2,15771,1181,NPS_Max_Air_Temp,1,33,,,,,,2016-12-01,,
302,41117,NPS_CHMA2,15772,1181,NPS_Max_Air_Temp,1,33,,,,,,2016-12-01,,
303,41118,NPS_CTUA2,15773,1181,NPS_Max_Air_Temp,1,33,,,,,,2016-12-01,,
304,41119,NPS_CCLA2,15774,1181,NPS_Max_Air_Temp,1,33,,,,,,2016-12-01,,
305,41120,NPS_DVLA2,15775,1181,NPS_Max_Air_Temp,1,33,,,,,,2016-12-01,,
306,41121,NPS_DKLA2,15776,1181,NPS_Max_Air_Temp,1,33,,,,,,2016-12-01,,
307,41122,NPS_EVCA2,15777,1181,NPS_Max_Air_Temp,1,33,,,,,,2016-12-01,,
308,41123,NPS_ELLA2,15778,1181,NPS_Max_Air_Temp,1,33,,,,,,2016-12-01,,
309,41124,NPS_GGLA2,15779,1181,NPS_Max_Air_Temp,1,33,,,,,,2016-12-01,,
310,41125,NPS_HOWA2,15780,1181,NPS_Max_Air_Temp,1,33,,,,,,2016-12-01,,
311,41126,NPS_IMYA2,15781,1181,NPS_Max_Air_Temp,1,33,,,,,,2016-12-01,,
312,41127,NPS_KAUA2,15782,1181,NPS_Max_Air_Temp,1,33,,,,,,2016-12-01,,
313,41128,NPS_KLIA2,15783,1181,NPS_Max_Air_Temp,1,33,,,,,,2016-12-01,,
314,41129,NPS_KUGA2,15784,1181,NPS_Max_Air_Temp,1,33,,,,,,2016-12-01,,
315,41130,NPS_MITA2,15785,1181,NPS_Max_Air_Temp,1,33,,,,,,2016-12-01,,
316,41131,NPS_MNOA2,15786,1181,NPS_Max_Air_Temp,1,33,,,,,,2016-12-01,,
317,41132,NPS_PAMA2,15787,1181,NPS_Max_Air_Temp,1,33,,,,,,2016-12-01,,
318,41133,NPS_RAMA2,15788,1181,NPS_Max_Air_Temp,1,33,,,,,,2016-12-01,,
319,41134,NPS_RUGA2,15789,1181,NPS_Max_Air_Temp,1,33,,,,,,2016-12-01,,
320,41135,NPS_SRWA2,15790,1181,NPS_Max_Air_Temp,1,33,,,,,,2016-12-01,,
321,41136,NPS_SRTA2,15791,1181,NPS_Max_Air_Temp,1,33,,,,,,2016-12-01,,
322,41137,NPS_SSIA2,15792,1181,NPS_Max_Air_Temp,1,33,,,,,,2016-12-01,,
323,41138,NPS_SMPA2,15793,1181,NPS_Max_Air_Temp,1,33,,,,,,2016-12-01,,
324,41139,NPS_TAHA2,15794,1181,NPS_Max_Air_Temp,1,33,,,,,,2016-12-01,,
325,41140,NPS_TANA2,15795,1181,NPS_Max_Air_Temp,1,33,,,,,,2016-12-01,,
326,41141,NPS_TEBA2,15796,1181,NPS_Max_Air_Temp,1,33,,,,,,2016-12-01,,
327,41142,NPS_TKLA2,15797,1181,NPS_Max_Air_Temp,1,33,,,,,,2016-12-01,,
328,41143,NPS_UPRA2,15798,1181,NPS_Max_Air_Temp,1,33,,,,,,2016-12-01,,
329,41144,NPS_WIGA2,15799,1181,NPS_Max_Air_Temp,1,33,,,,,,2016-12-01,,
330,41145,NPS_ASIA2,15770,1182,NPS_Soil_Temp,1,33,,,,,,2016-12-01,,
331,41146,NPS_CREA2,15771,1182,NPS_Soil_Temp,1,33,,,,,,2016-12-01,,
332,41147,NPS_CHMA2,15772,1182,NPS_Soil_Temp,1,33,,,,,,2016-12-01,,
333,41148,NPS_CTUA2,15773,1182,NPS_Soil_Temp,1,33,,,,,,2016-12-01,,
334,41149,NPS_CCLA2,15774,1182,NPS_Soil_Temp,1,33,,,,,,2016-12-01,,
335,41150,NPS_DVLA2,15775,1182,NPS_Soil_Temp,1,33,,,,,,2016-12-01,,
336,41151,NPS_DKLA2,15776,1182,NPS_Soil_Temp,1,33,,,,,,2016-12-01,,
337,41152,NPS_EVCA2,15777,1182,NPS_Soil_Temp,1,33,,,,,,2016-12-01,,
338,41153,NPS_ELLA2,15778,1182,NPS_Soil_Temp,1,33,,,,,,2016-12-01,,
339,41154,NPS_GGLA2,15779,1182,NPS_Soil_Temp,1,33,,,,,,2016-12-01,,
340,41155,NPS_HOWA2,15780,1182,NPS_Soil_Temp,1,33,,,,,,2016-12-01,,
341,41156,NPS_IMYA2,15781,1182,NPS_Soil_Temp,1,33,,,,,,2016-12-01,,
342,41157,NPS_KAUA2,15782,1182,NPS_Soil_Temp,1,33,,,,,,2016-12-01,,
343,41158,NPS_KLIA2,15783,1182,NPS_Soil_Temp,1,33,,,,,,2016-12-01,,
344,41159,NPS_KUGA2,15784,1182,NPS_Soil_Temp,1,33,,,,,,2016-12-01,,
345,41160,NPS_MITA2,15785,1182,NPS_Soil_Temp,1,33,,,,,,2016-12-01,,
346,41161,NPS_MNOA2,15786,1182,NPS_Soil_Temp,1,33,,,,,,2016-12-01,,
347,41162,NPS_PAMA2,15787,1182,NPS_Soil_Temp,1,33,,,,,,2016-12-01,,
348,41163,NPS_RAMA2,15788,1182,NPS_Soil_Temp,1,33,,,,,,2016-12-01,,
349,41164,NPS_RUGA2,15789,1182,NPS_Soil_Temp,1,33,,,,,,2016-12-01,,
350,41165,NPS_SRWA2,15790,1182,NPS_Soil_Temp,1,33,,,,,,2016-12-01,,
351,41166,NPS_SRTA2,15791,1182,NPS_Soil_Temp,1,33,,,,,,2016-12-01,,
352,41167,NPS_SSIA2,15792,1182,NPS_Soil_Temp,1,33,,,,,,2016-12-01,,
353,41168,NPS_SMPA2,15793,1182,NPS_Soil_Temp,1,33,,,,,,2016-12-01,,
354,41169,NPS_TAHA2,15794,1182,NPS_Soil_Temp,1,33,,,,,,2016-12-01,,
355,41170,NPS_TANA2,15795,1182,NPS_Soil_Temp,1,33,,,,,,2016-12-01,,
356,41171,NPS_TEBA2,15796,1182,NPS_Soil_Temp,1,33,,,,,,2016-12-01,,
357,41172,NPS_TKLA2,15797,1182,NPS_Soil_Temp,1,33,,,,,,2016-12-01,,
358,41173,NPS_UPRA2,15798,1182,NPS_Soil_Temp,1,33,,,,,,2016-12-01,,
359,41174,NPS_WIGA2,15799,1182,NPS_Soil_Temp,1,33,,,,,,2016-12-01,,
